insert into collections(id, name, description, status, businessId) values (1, 'UserCollection', 'TestAdmin', 'ACTIVE', 0);
insert into collections(id, name, description, status, businessId) VALUES (2, 'UserCollections', 'Test_SF',  'ACTIVE', 1);

insert into collection_attribute(id, name, type, defaultValue, rule, description, nullable) values (1, 'userattribute', 'STRING', 'default attribute', '', 'user attribute', 1);
insert into collection_attribute(id, name, type, defaultValue, rule, description, nullable) values (2, 'default_locale', 'STRING', 'en_US', '', 'default locale of the collection', 1);
insert into collection_attribute(id, name, type, defaultValue, rule, description, nullable) values (3, 'time_zone', 'STRING', 'UTC -4', '', 'default time zone of the collection', 1);
insert into collection_attribute(id, name, type, defaultValue, rule, description, nullable) values (4, 'max_login_attempts', 'STRING',  '15', '', 'user maximum login attempt count', 1);
insert into collection_attribute(id, name, type, defaultValue, rule, description, nullable) values (5, 'login_attempt_expiry_millisecs','STRING', '3600000','', 'user loginattempt expiry millisecs', 1);
insert into collection_attribute(id, name, type, defaultValue, rule, description, nullable) values (6, 'allow_update_phone','STRING', 'true','', 'phone number property allowing for update', 1);
insert into collection_attribute(id, name, type, defaultValue, rule, description, nullable) values (7, 'allow_update_email','STRING', 'true','', 'email property allowing for update', 1);
insert into collection_attribute(id, name, type, defaultValue, rule, description, nullable) values (8, 'site_url', 'STRING', 'null','', 'Redirection site url for login on behalf', 1);
insert into collection_attribute(id, name, type, defaultValue, rule, description, nullable) values (9, 'address_limit', 'STRING', '20','', 'address limit', 1);
insert into collection_attribute(id, name, type, defaultValue, rule, description, nullable) values (10, 'resetparam_expiry_millisec', 'STRING', '86400000','', 'reset param expiry millisecs', 1);
insert into collection_attribute(id, name, type, defaultValue, rule, description, nullable) values (11, 'activationparam_expiry_millisec', 'STRING', '86400000','', 'activation param expiry millisecs', 1);
insert into collection_attribute(id, name, type, defaultValue, rule, description, nullable) values (12, 'notificationparam_expiry_millisec', 'STRING', '180000','', 'notification param expiry millisecs', 1);
insert into collection_attribute(id, name, type, defaultValue, rule, description, nullable) values (13, 'reset_password_redirect_url', 'STRING', 'null', '', 'reset param redirect url', 1);
insert into collection_attribute(id, name, type, defaultValue, rule, description, nullable) values (14, 'activation_redirect_url', 'STRING', 'null','', 'activation param redirect url', 1);
insert into collection_attribute(id, name, type, defaultValue, rule, description, nullable) values (15, 'last_password_check_count', 'STRING', '3','', 'last password check count', 1);
insert into collection_attribute(id, name, type, defaultValue, rule, description, nullable) values (16, 'google_login_keys', 'STRING', '{"clientid":"408819206782-uslg6b7so02jr6a78jb30ms9jss2cac1.apps.googleusercontent.com","clientsecret":"1CRvU82CN2dZHvf0NUqF7svz"}', '', 'google client id and secretkeys', 1);
insert into collection_attribute(id, name, type, defaultValue, rule, description, nullable) values (17, 'enable_user_merge', 'STRING', 'true','', 'enables users merge', 1);
insert into collection_attribute(id, name, type, defaultValue, rule, description, nullable) values (18, 'login_MFA_enabled', 'STRING', 'false', '', 'enables login MFA', 1);
insert into collection_attribute(id, name, type, defaultValue, rule, description, nullable) values (19, 'login_MFA_expiry_millisecs', 'STRING', '300000', '', 'login MFA expiry in millisecs', 1);
insert into collection_attribute(id, name, type, defaultValue, rule, description, nullable) values (20, 'login_MFA_resend_limit', 'STRING', '3', '', 'login MFA resent limit', 1);
insert into collection_attribute(id, name, type, defaultValue, rule, description, nullable) values (21, 'login_MFA_fail_limit', 'STRING', '3', '', 'login MFA fail limit', 1);
insert into collection_attribute(id, name, type, defaultValue, rule, description, nullable) values (22, 'login_MFA_recent_OTP_check_count', 'STRING', '3', '', 'login MFA last OTP check count', 1);

insert into collection_properties(id, collectionId, attributeId, value) values (1, 1, 1, 'configuration');
insert into collection_properties(id, collectionId, attributeId, value) values (2, 1, 2, 'en_US');
insert into collection_properties(id, collectionId, attributeId, value) values (3, 1, 3, 'UTC -4');
insert into collection_properties(id, collectionId, attributeId, value) values (4, 1, 4, '20');
insert into collection_properties(id, collectionId, attributeId, value) values (5, 1, 5, '3600000');
insert into collection_properties(id, collectionId, attributeId, value) values (6, 1, 6, 'true');
insert into collection_properties(id, collectionId, attributeId, value) values (7, 1, 7, 'true');
insert into collection_properties(id, collectionId, attributeId, value) values (8, 1, 8, 'null');
insert into collection_properties(id, collectionId, attributeId, value) values (9, 1, 9, '20');
insert into collection_properties(id, collectionId, attributeId, value) values (10, 1, 10, '86400000');
insert into collection_properties(id, collectionId, attributeId, value) values (11, 1, 11, '86400000');
insert into collection_properties(id, collectionId, attributeId, value) values (12, 1, 12, '180000');
insert into collection_properties(id, collectionId, attributeId, value) values (13, 1, 13, 'null');
insert into collection_properties(id, collectionId, attributeId, value) values (14, 1, 14, 'null');
insert into collection_properties(id, collectionId, attributeId, value) values (15, 1, 15, '3');
insert into collection_properties(id, collectionId, attributeId, value) values (16, 2, 1, 'configuration');
insert into collection_properties(id, collectionId, attributeId, value) values (17, 2, 2, 'en_US');
insert into collection_properties(id, collectionId, attributeId, value) values (18, 2, 3, 'UTC -4');
insert into collection_properties(id, collectionId, attributeId, value) values (19, 2, 4, '20');
insert into collection_properties(id, collectionId, attributeId, value) values (20, 2, 5, '3600000');
insert into collection_properties(id, collectionId, attributeId, value) values (21, 2, 6, 'true');
insert into collection_properties(id, collectionId, attributeId, value) values (22, 2, 7, 'true');
insert into collection_properties(id, collectionId, attributeId, value) values (23, 2, 8, 'null');
insert into collection_properties(id, collectionId, attributeId, value) values (24, 2, 9, '20');
insert into collection_properties(id, collectionId, attributeId, value) values (25, 2, 10, '86400000');
insert into collection_properties(id, collectionId, attributeId, value) values (26, 2, 11, '86400000');
insert into collection_properties(id, collectionId, attributeId, value) values (27, 2, 12, '180000');
insert into collection_properties(id, collectionId, attributeId, value) values (28, 2, 13, 'null');
insert into collection_properties(id, collectionId, attributeId, value) values (29, 2, 14, 'null');
insert into collection_properties(id, collectionId, attributeId, value) values (30, 2, 15, '3');
insert into collection_properties(id, collectionId, attributeId, value) values (31, 1, 16, '{"clientid":"408819206782-uslg6b7so02jr6a78jb30ms9jss2cac1.apps.googleusercontent.com","clientsecret":"1CRvU82CN2dZHvf0NUqF7svz"}');
insert into collection_properties(id, collectionId, attributeId, value) values (32, 2, 16, '{"clientid":"408819206782-uslg6b7so02jr6a78jb30ms9jss2cac1.apps.googleusercontent.com","clientsecret":"1CRvU82CN2dZHvf0NUqF7svz"}');
insert into collection_properties(id, collectionId, attributeId, value) values (33, 1, 17, 'true');
insert into collection_properties(id, collectionId, attributeId, value) values (34, 2, 17, 'true');
insert into collection_properties(id, collectionId, attributeId, value) values (35, 1, 18, 'false');
insert into collection_properties(id, collectionId, attributeId, value) values (36, 2, 18, 'false');
insert into collection_properties(id, collectionId, attributeId, value) values (37, 1, 19, '300000');
insert into collection_properties(id, collectionId, attributeId, value) values (38, 2, 19, '300000');
insert into collection_properties(id, collectionId, attributeId, value) values (39, 1, 20, '3');
insert into collection_properties(id, collectionId, attributeId, value) values (40, 2, 20, '3');
insert into collection_properties(id, collectionId, attributeId, value) values (41, 1, 21, '3');
insert into collection_properties(id, collectionId, attributeId, value) values (42, 2, 21, '3');
insert into collection_properties(id, collectionId, attributeId, value) values (43, 1, 22, '3');
insert into collection_properties(id, collectionId, attributeId, value) values (44, 2, 22, '3');

insert into users (id, collectionid, createddate, dob, email, firstname, gender, lastname, phonenumber, photo, preferences, status, type, updateddate) VALUES(1, 1, '2018-05-24 16:57:06', 'd2300433b974e4b7c9949f9c4b1bc0df', '2ad6b9c1bbc4b3fe69850c438a9d276d6a5297adff5ec7a625aee792fd766b18', 'Skava', 'male', 'Super Admin', 'd0a5d5e1b9bd6e21b0aceca5bd67c96c', '361674f08a3ce1f6785830223d745bba', 'email', 'ACTIVE', 1, '2018-05-24 16:57:06');
insert into useraddress (id, city, country, county, createddate, email, firstName, isDefault, lastName, middleName, phone, state, street1, street2, street3, type, updateddate, validated, zipCode, userid, validationType, validatedOn, overridden) VALUES (1, 'string', 'string', 'string', '2018-05-24 16:57:06', '2ad6b9c1bbc4b3fe69850c438a9d276d6a5297adff5ec7a625aee792fd766b18', '041a4067b96fe4e542cdc49fe7e55b66', 1 , 'e6431247dd681b714aabe6a93f1fc6aa', '058e0778346548e857a08e013d4dcc5f', 'd0a5d5e1b9bd6e21b0aceca5bd67c96c', 'string', 'aa35e864e07713fc1b6b28a22a3feaf4', 'aa35e864e07713fc1b6b28a22a3feaf4', 'aa35e864e07713fc1b6b28a22a3feaf4', 'shipping', '2018-05-24 16:57:06', 1, '12345', 1, 'string', 1537443198489, 1);
insert into usercredentials (id, createddate, oldPasswords, password, securityquestions, updateddate, userid) VALUES(1, '2018-05-24 16:57:06', '$2a$12$bMS5rm6fwQLhx4tMH4Wy6OzzQbxdFa23L1CtQV0iAEC1sBXu6yeX.', '$2a$12$bMS5rm6fwQLhx4tMH4Wy6OzzQbxdFa23L1CtQV0iAEC1sBXu6yeX.', '13600c21682cf044b7a72d1ee84523baffa1979d30243b45c95bb886cee2438657cceb4b4ae9b82e430641fa8cc972e8472ac27557b9ce5aa5468f69c908260b1d80764a0cc5a1f90c2d1fdb4970591d', '2018-05-24 16:57:06', 1);
insert into useridentities (id, createddate, identity, status, type, updateddate, userid) VALUES(1, '2018-05-24 16:57:06', 'd0a5d5e1b9bd6e21b0aceca5bd67c96c', 'ACTIVE', 1, '2018-05-24 16:57:06', 1);
insert into useridentities (id, createddate, identity, status, type, updateddate, userid) VALUES (2, '2018-05-24 16:57:06', '2ad6b9c1bbc4b3fe69850c438a9d276d6a5297adff5ec7a625aee792fd766b18', 'ACTIVE', 1, '2018-05-24 16:57:06', 1);
insert into userproperties (id, name, value, userid) VALUES (1, 'hometown', 'CBE', 1);
insert into user_notes (id, user_id, title, description, created_by, created_on) VALUES (1 ,1 , 'Order_Notes', 'Order notes for user', '1', '2018-05-24 16:57:06');

insert into users (id, collectionid, createddate, dob, email, firstname, gender, lastname, phonenumber, photo, preferences, status, type, updateddate) VALUES(2, 2, '2018-05-24 16:57:06', 'd2300433b974e4b7c9949f9c4b1bc0df', '2ad6b9c1bbc4b3fe69850c438a9d276d6a5297adff5ec7a625aee792fd766b18', 'Skava', 'male', 'Super Admin', 'd0a5d5e1b9bd6e21b0aceca5bd67c96c', '361674f08a3ce1f6785830223d745bba', 'email', 'ACTIVE', 1, '2018-05-24 16:57:06');
insert into useraddress (id, city, country, county, createddate, email, firstName, isDefault, lastName, middleName, phone, state, street1, street2, street3, type, updateddate, validated, zipCode, userid, validationType, validatedOn, overridden) VALUES (2, 'string', 'string', 'string', '2018-05-24 16:57:06', '2ad6b9c1bbc4b3fe69850c438a9d276d6a5297adff5ec7a625aee792fd766b18', '041a4067b96fe4e542cdc49fe7e55b66', 1 , 'e6431247dd681b714aabe6a93f1fc6aa', '058e0778346548e857a08e013d4dcc5f', 'd0a5d5e1b9bd6e21b0aceca5bd67c96c', 'string', 'aa35e864e07713fc1b6b28a22a3feaf4', 'aa35e864e07713fc1b6b28a22a3feaf4', 'aa35e864e07713fc1b6b28a22a3feaf4', 'shipping', '2018-05-24 16:57:06', 1, '12345', 2, 'string', 1537443198489, 1);
insert into usercredentials (id, createddate, oldpasswords, password, securityquestions, updateddate, userid) VALUES(2, '2018-05-24 16:57:06', '$2a$12$bMS5rm6fwQLhx4tMH4Wy6OzzQbxdFa23L1CtQV0iAEC1sBXu6yeX.', '$2a$12$bMS5rm6fwQLhx4tMH4Wy6OzzQbxdFa23L1CtQV0iAEC1sBXu6yeX.', '13600c21682cf044b7a72d1ee84523baffa1979d30243b45c95bb886cee2438657cceb4b4ae9b82e430641fa8cc972e8472ac27557b9ce5aa5468f69c908260b1d80764a0cc5a1f90c2d1fdb4970591d', '2018-05-24 16:57:06', 2);
insert into useridentities (id, createddate, identity, status, type, updateddate, userid) VALUES(3, '2018-05-24 16:57:06', 'd0a5d5e1b9bd6e21b0aceca5bd67c96c', 'ACTIVE', 1, '2018-05-24 16:57:06', 2);
insert into useridentities (id, createddate, identity, status, type, updateddate, userid) VALUES (4, '2018-05-24 16:57:06', '2ad6b9c1bbc4b3fe69850c438a9d276d6a5297adff5ec7a625aee792fd766b18', 'ACTIVE', 1, '2018-05-24 16:57:06', 2);

insert into users (id, collectionid,  status, type) VALUES(11, 2,'ACTIVE', 2);
insert into users (id, collectionid,  status, type) VALUES(12, 2,'ACTIVE', 2);
insert into users (id, collectionid,  status, type) VALUES(13, 2,'ACTIVE', 2);
insert into users (id, collectionid,  status, type) VALUES(14, 2,'ACTIVE', 2);
insert INTO users (id, collectionid, createddate, dob, email, firstname, gender, lastname, phonenumber, photo, preferences, status, type, updateddate) VALUES (15, 2, '2018-05-24 16:57:06', 'd2300433b974e4b7c9949f9c4b1bc0df','1a152782373162daefeb16c6259b735f5f2bf41fda051ba701aee0cdc4de952f', 'customer admin', 'male', 'customer admin', '', '361674f08a3ce1f6785830223d745bba', NULL, 'ACTIVE', 1, '2018-09-26 13:00:46');
insert INTO useridentities (id, userid, identity, type, status, createddate, updateddate) VALUES (21, 15, '1a152782373162daefeb16c6259b735f5f2bf41fda051ba701aee0cdc4de952f', 1, 'ACTIVE', '2018-09-26 13:00:46', '2018-09-26 13:00:46');
insert into usercredentials (id, createddate, oldpasswords, password, securityquestions, updateddate, userid) VALUES(3, '2018-05-24 16:57:06', '', '$2a$12$bMS5rm6fwQLhx4tMH4Wy6OzzQbxdFa23L1CtQV0iAEC1sBXu6yeX.', '13600c21682cf044b7a72d1ee84523baffa1979d30243b45c95bb886cee2438657cceb4b4ae9b82e430641fa8cc972e8472ac27557b9ce5aa5468f69c908260b1d80764a0cc5a1f90c2d1fdb4970591d', '2018-05-24 16:57:06', 15);
insert INTO users (id, collectionid,  status, type) VALUES(16, 1,'ACTIVE', 2);
